employee_id,emp_first_name,emp_last_name,department,salary,joining_date,performance_score,remarks
1001,Grace,Allen,HR,80000,2021-01-07,2, Good
1002,David,Smith,Marketing,120000,2021-08-28,2,nan
1003,Henry,Smith,IT,70000,2019-07-20,3,Excellent
1004,Eva,Taylor,Marketing,70000,2015-11-04,5,Good
1005,Grace,Allen,Marketing,200000,2018-09-21,2,Excellent
1006,Jack,Lee,Marketing,70000,2020-05-23,2,good
1007,Charlie,Brown,Marketing,50000,2022-08-25,5,average
1008,Grace,Smith,Sales,70000,2017-06-10,2,Excellent
1009,Henry,Taylor,Sales,60000,2016-01-10,2,Average
1010,Eva,Allen,Finance,200000,2023-06-07,5,Good
1011,David,Brown,HR,40000,2020-07-26,1,Excellent
1012,Henry,Allen,Marketing,70000,2018-09-26,5,Average
1013,Henry,Clark,Finance,120000,2015-05-09,5,average
1014,Charlie,Taylor,HR,40000,2017-10-11,2,good
1015,Frank,Brown,IT,50000,2019-12-05,2,nan
1016,Eva,Young,Sales,120000,2022-06-09,5, Average
1017,Bob,Wilson,HR,40000,2018-10-13,5,nan
1018,Henry,Wilson,IT,120000,2016-05-31,5, Good
1019,Frank,Brown,HR,50000,2019-02-27,2,average
1020,Bob,Allen,Sales,200000,2015-03-27,5,Excellent
1021,Eva,Taylor,Sales,60000,2018-04-13,5,average
1022,Alice,Wilson,Finance,50000,2023-12-09,4,average
1023,Jack,Taylor,Marketing,50000,2021-06-16,1,POOR
1024,Frank,Wilson,HR,120000,2018-02-16,3,average
1025,Ivy,Clark,HR,200000,2021-10-10,1,average
1026,Alice,Allen,IT,,2020-06-16,4,Excellent
1027,Jack,Clark,Sales,80000,2020-12-01,3,Average
1028,Charlie,Wilson,HR,70000,2023-10-22,5,Excellent
1029,Grace,Young,Sales,70000,2015-10-30,4,Excellent
1030,David,Young,HR,60000,2022-08-23,5,Excellent
1031,Ivy,Clark,Finance,60000,2016-08-10,2,Average
1032,Charlie,Young,Marketing,70000,2017-09-13,2,Average
1033,Eva,Wilson,HR,80000,2020-02-07,4,Good
1034,Charlie,Brown,Sales,70000,2015-12-11,2,Average
1035,Grace,Clark,Finance,,2017-03-24,4,POOR
1036,Eva,Jones,HR,80000,2020-06-10,4,POOR
1037,Ivy,Allen,IT,60000,2022-10-19,2,Excellent
1038,Grace,Young,Marketing,40000,2023-05-31,3,nan
1039,Bob,Young,HR,120000,2023-10-24,1,Good
1040,David,Smith,Finance,,2018-08-03,5,nan
1041,Ivy,Lee,IT,,2020-06-22,4,nan
1042,Bob,Clark,Finance,200000,2019-08-05,5,Excellent
1043,Jack,Hall,Finance,60000,2023-07-22,2,good
1044,Ivy,Young,IT,60000,2018-08-20,2,Excellent
1045,Jack,Allen,Finance,50000,2017-12-28,5,Excellent
1046,Eva,Jones,IT,,2021-08-05,2,Excellent
1047,Bob,Young,HR,50000,2017-10-06,5,Average
1048,David,Jones,IT,50000,2016-12-04,1,Average
1049,Grace,Wilson,IT,120000,2016-07-28,1,good
1050,Henry,Wilson,Marketing,50000,2019-05-28,1,Average
1051,Charlie,Lee,IT,80000,2023-11-07,1,Excellent
1052,Alice,Brown,IT,70000,2018-01-17,1,nan
1053,David,Hall,HR,40000,2016-11-18,1,Excellent
1054,Bob,Smith,Marketing,60000,2022-09-29,2,average
1055,Henry,Lee,Sales,80000,2022-03-17,4,POOR
1056,David,Taylor,HR,40000,2022-03-21,5,average
1057,Bob,Smith,HR,,2023-11-05,1,average
1058,Frank,Clark,Sales,,2016-05-03,2,Excellent
1059,Frank,Allen,IT,,2023-04-07,2,average
1060,Jack,Taylor,Finance,80000,2018-09-09,2,Excellent
1061,David,Taylor,Marketing,80000,2023-09-09,4,good
1062,Frank,Lee,Finance,60000,2016-05-08,5,Good
1063,Bob,Brown,Sales,70000,2019-07-26,4,Average
1064,Jack,Lee,HR,200000,2019-06-26,3,Good
1065,Bob,Clark,HR,50000,2015-01-19,2,nan
1066,Jack,Young,Marketing,,2021-09-10,3,Excellent
1067,David,Young,HR,120000,2017-09-27,2,Excellent
1068,Henry,Brown,HR,70000,2017-04-30,1,POOR
1069,Grace,Clark,Marketing,120000,2018-10-20,1,Excellent
1070,Ivy,Brown,Marketing,60000,2018-09-16,4,Average
1071,Henry,Jones,Sales,60000,2018-09-29,5,Excellent
1072,Eva,Young,HR,60000,2017-04-01,3,average
1073,Bob,Taylor,HR,40000,2016-03-30,5,POOR
1074,Eva,Hall,Sales,120000,2019-06-13,4,Average
1075,Henry,Allen,IT,70000,2022-08-04,1,good
1076,Jack,Clark,IT,200000,2023-08-03,5,good
1077,Ivy,Smith,IT,70000,2023-08-14,5,good
1078,Ivy,Brown,Sales,80000,2016-12-11,1,good
1079,Alice,Allen,HR,80000,2020-12-30,3,average
1080,Ivy,Smith,Sales,,2017-07-05,1,Excellent
1081,Grace,Allen,Sales,200000,2022-11-15,5,Good
1082,Ivy,Hall,IT,80000,2022-04-06,3,Average
1083,Henry,Smith,Finance,60000,2019-02-05,3,average
1084,Alice,Lee,HR,70000,2018-12-11,1,good
1085,Henry,Wilson,IT,120000,2015-11-01,5,nan
1086,Henry,Lee,Finance,60000,2017-01-05,4,Excellent
1087,Charlie,Young,Finance,40000,2021-05-27,5,Good
1088,Alice,Wilson,Marketing,80000,2020-05-17,2,nan
1089,Henry,Lee,HR,60000,2020-11-19,2,POOR
1090,Charlie,Wilson,Finance,60000,2020-07-02,4,nan
1091,Charlie,Wilson,IT,40000,2022-12-24,3,POOR
1092,Alice,Taylor,Marketing,50000,2023-04-04,4,POOR
1093,Eva,Brown,HR,70000,2023-04-10,3,good
1094,Jack,Brown,Sales,120000,2022-11-29,3,POOR
1095,Grace,Taylor,IT,,2017-08-19,4,Excellent
1096,Jack,Allen,Finance,50000,2023-03-09,3,Average
1097,Ivy,Jones,Finance,80000,2017-10-23,3,Average
1098,Grace,Allen,IT,60000,2020-11-02,2,good
1099,Ivy,Smith,Finance,200000,2021-07-03,5,Excellent
1100,Henry,Smith,Marketing,40000,2022-11-03,5,nan
1101,Bob,Wilson,HR,40000,2019-01-13,2,average
1102,Alice,Lee,Marketing,200000,2021-11-06,2,nan
1103,Grace,Lee,Finance,70000,2020-05-01,2,Excellent
1104,Grace,Brown,Sales,50000,2022-04-30,2,average
1105,Henry,Clark,HR,,2018-03-23,4,POOR
1106,Eva,Allen,HR,70000,2016-10-26,1,Good
1107,Charlie,Young,IT,200000,2015-01-12,1,average
1108,Henry,Hall,IT,60000,2018-03-02,1,Good
1109,Frank,Lee,Sales,200000,2015-10-31,2,Average
1110,Charlie,Hall,HR,70000,2023-04-11,2,Good
1111,Alice,Wilson,Sales,120000,2019-10-30,3,Average
1112,Charlie,Hall,IT,40000,2022-10-01,1,Excellent
1113,Eva,Young,IT,40000,2015-02-12,4,Excellent
1114,Charlie,Taylor,HR,80000,2017-08-01,2,good
1115,Alice,Young,Marketing,80000,2021-07-18,4,good
1116,Eva,Hall,Finance,200000,2018-09-11,2,POOR
1117,Jack,Young,IT,,2021-12-20,1,average
1118,Grace,Jones,IT,60000,2021-08-08,1,POOR
1119,Grace,Wilson,Marketing,120000,2017-06-09,1,Average
1120,Ivy,Allen,Marketing,50000,2021-10-10,2,POOR
1121,Jack,Taylor,Sales,70000,2017-10-01,2,Good
1122,Jack,Lee,Sales,,2015-01-21,2,Average
1123,Charlie,Smith,Finance,60000,2016-02-11,2,good
1124,Grace,Allen,Finance,80000,2022-04-20,5,Excellent
1125,Alice,Smith,HR,200000,2017-10-11,4,good
1126,David,Wilson,Sales,70000,2015-12-02,4,average
1127,David,Taylor,IT,80000,2020-01-13,3,Average
1128,Eva,Brown,Sales,200000,2023-09-24,2,Average
1129,Grace,Lee,IT,70000,2018-02-21,2,Good
1130,Grace,Jones,Marketing,50000,2021-09-12,5,average
1131,David,Brown,Sales,60000,2022-10-11,5,Excellent
1132,Grace,Wilson,Marketing,70000,2020-01-02,4,nan
1133,Charlie,Allen,Finance,120000,2016-12-15,2,Average
1134,Frank,Jones,Finance,,2015-02-20,3,Average
1135,Bob,Young,HR,40000,2015-11-20,2,Good
1136,Jack,Hall,Sales,120000,2017-02-27,1,POOR
1137,Ivy,Jones,Marketing,120000,2015-05-21,2,Excellent
1138,Eva,Wilson,IT,,2016-04-14,1,Excellent
1139,Frank,Clark,Finance,40000,2017-02-25,1,good
1140,David,Hall,Finance,120000,2019-12-31,3,average
1141,Jack,Smith,IT,70000,2018-09-19,2,Average
1142,Grace,Lee,Marketing,70000,2020-03-31,4,Average
1143,Ivy,Smith,Marketing,70000,2017-08-21,2,good
1144,Grace,Jones,Sales,40000,2023-05-14,1,Excellent
1145,Alice,Smith,Sales,120000,2016-01-08,2,Excellent
1146,Alice,Wilson,HR,200000,2021-12-16,2,POOR
1147,Ivy,Young,Finance,40000,2019-08-20,4,Average
1148,Ivy,Allen,Sales,70000,2022-08-30,2,Excellent
1149,David,Lee,Marketing,,2018-03-25,4,Excellent
1150,Ivy,Smith,IT,120000,2021-05-27,5,good
1151,Charlie,Smith,Marketing,120000,2019-07-30,4,Good
1152,Grace,Jones,Finance,80000,2023-10-21,3,POOR
1153,Frank,Allen,Marketing,80000,2015-04-16,2,average
1154,Henry,Brown,HR,50000,2018-12-14,1,Average
1155,Ivy,Smith,Finance,200000,2022-06-10,5,Excellent
1156,Eva,Wilson,IT,200000,2019-08-09,3,Good
1157,Alice,Clark,HR,60000,2015-01-02,2,average
1158,Charlie,Lee,Finance,200000,2022-03-21,2,nan
1159,Jack,Smith,IT,80000,2022-05-15,1,Excellent
1160,Henry,Wilson,HR,40000,2020-11-07,4,Excellent
1161,Frank,Wilson,HR,200000,2015-12-16,1,average
1162,Henry,Lee,Finance,80000,2018-07-10,2,Good
1163,Ivy,Brown,Sales,50000,2023-09-15,5,nan
1164,David,Wilson,HR,120000,2017-11-28,5,Excellent
1165,Alice,Clark,HR,200000,2023-02-04,2,Excellent
1166,Alice,Wilson,IT,50000,2021-01-15,5,good
1167,Jack,Wilson,Marketing,120000,2023-03-26,2,Good
1168,David,Wilson,Finance,,2021-06-17,2,POOR
1169,Grace,Young,Finance,,2016-03-20,2,Average
1170,Bob,Young,Sales,120000,2021-06-03,4,average
1171,Charlie,Brown,Sales,200000,2017-08-09,3,good
1172,Alice,Smith,Finance,60000,2015-02-05,2,nan
1173,Eva,Wilson,Sales,80000,2018-01-12,2,average
1174,Alice,Allen,IT,40000,2019-01-15,3,average
1175,Henry,Smith,Finance,40000,2019-12-04,1,Good
1176,Alice,Brown,Sales,70000,2020-01-20,2,Average
1177,Alice,Taylor,Finance,120000,2018-11-09,4,POOR
1178,Bob,Smith,Marketing,40000,2018-04-10,5,Excellent
1179,Bob,Smith,HR,200000,2018-10-31,5,Excellent
1180,Frank,Hall,Finance,60000,2019-09-05,2,Excellent
1181,Grace,Jones,HR,120000,2018-10-17,2,average
1182,Eva,Hall,Sales,60000,2022-02-19,5,Excellent
1183,Alice,Clark,HR,200000,2023-01-17,5,Excellent
1184,Alice,Young,Finance,40000,2020-12-28,4,Average
1185,Charlie,Young,Marketing,40000,2023-01-13,3,nan
1186,Bob,Jones,Sales,70000,2023-09-25,2,nan
1187,Eva,Lee,Finance,40000,2018-07-24,3,good
1188,Jack,Lee,Sales,120000,2022-08-05,4,Good
1189,Frank,Brown,IT,200000,2018-05-28,5,Average
1190,Grace,Jones,HR,,2023-06-25,2,Average
1191,David,Smith,IT,200000,2016-06-04,3,Good
1192,Grace,Lee,Finance,120000,2019-12-12,5,Excellent
1193,Henry,Wilson,Marketing,120000,2015-01-10,5,nan
1194,Alice,Allen,Sales,70000,2017-09-10,1,nan
1195,Frank,Smith,HR,70000,2021-08-22,3,Excellent
1196,Henry,Clark,Sales,40000,2019-07-15,2,nan
1197,Eva,Wilson,Finance,50000,2019-07-19,3,average
1198,David,Wilson,Sales,200000,2022-06-22,5,Average
1199,Bob,Jones,HR,200000,2022-03-16,2,Excellent
1200,Frank,Brown,Finance,50000,2021-01-08,4,Good
1201,Frank,Clark,Sales,70000,2016-12-20,1,nan
1202,Alice,Lee,Marketing,40000,2017-12-08,5,good
1203,Ivy,Jones,Finance,50000,2023-10-31,2,nan
1204,Frank,Lee,Finance,40000,2017-05-08,2,nan
1205,Charlie,Jones,Marketing,40000,2018-08-09,1,POOR
1206,David,Jones,IT,40000,2019-05-23,4,average
1207,David,Jones,HR,80000,2015-02-19,5,Good
1208,Charlie,Brown,IT,120000,2022-06-04,3,POOR
1209,Jack,Jones,Sales,40000,2022-01-22,1,POOR
1210,Charlie,Taylor,Marketing,80000,2023-07-29,4,good
1211,Charlie,Allen,IT,70000,2023-11-13,3,Average
1212,David,Lee,Finance,50000,2023-12-18,2,good
1213,Grace,Smith,Sales,120000,2022-12-14,2,Average
1214,David,Hall,Sales,,2015-05-26,3,Average
1215,Ivy,Clark,IT,50000,2017-07-03,1,Good
1216,Alice,Young,IT,120000,2023-04-29,2,nan
1217,Henry,Brown,Marketing,,2019-01-02,5,Good
1218,Grace,Smith,HR,50000,2021-04-08,2,average
1219,Bob,Wilson,IT,120000,2016-08-03,3,Average
1220,Henry,Taylor,IT,50000,2022-06-27,3,POOR
1221,Alice,Young,Finance,50000,2019-05-04,2,nan
1222,Ivy,Hall,Sales,,2016-04-27,1,Excellent
1223,Ivy,Smith,HR,50000,2023-09-15,5,average
1224,Bob,Young,Finance,50000,2018-06-03,1,Good
1225,Grace,Smith,Marketing,,2016-11-03,4,good
1226,Jack,Taylor,Marketing,70000,2016-09-22,4,average
1227,Charlie,Hall,IT,40000,2022-06-01,2,average
1228,Grace,Wilson,IT,200000,2016-10-23,2,nan
1229,Jack,Jones,Marketing,60000,2022-10-23,2,average
1230,Ivy,Lee,IT,80000,2021-10-02,2,average
1231,David,Wilson,HR,60000,2017-09-14,2,Excellent
1232,Alice,Jones,IT,60000,2023-11-06,4,Excellent
1233,Bob,Brown,Sales,120000,2019-03-27,1,good
1234,Alice,Allen,IT,40000,2016-10-11,2,good
1235,Eva,Clark,Finance,120000,2017-08-26,2,good
1236,Eva,Clark,HR,40000,2022-03-22,1,Average
1237,Grace,Lee,Finance,,2018-01-05,2,POOR
1238,Ivy,Hall,Finance,,2021-12-31,5,Excellent
1239,Ivy,Taylor,Sales,200000,2016-03-16,1,good
1240,Charlie,Hall,HR,40000,2017-07-09,4,average
1241,Charlie,Taylor,HR,50000,2017-02-08,3,average
1242,Charlie,Hall,HR,70000,2018-09-05,3,good
1243,David,Allen,HR,200000,2020-01-01,2,nan
1244,Henry,Brown,HR,200000,2015-09-20,3,good
1245,Frank,Brown,Sales,50000,2019-04-27,5,average
1246,Henry,Jones,IT,70000,2022-05-08,2,Average
1247,Alice,Young,Finance,120000,2023-11-13,4,Good
1248,Henry,Brown,HR,70000,2021-11-11,5,Good
1249,David,Brown,IT,120000,2017-09-25,4,Excellent
1250,Alice,Wilson,IT,,2016-11-30,4,Excellent
1251,Henry,Wilson,Finance,60000,2021-06-07,2,good
1252,David,Jones,Sales,,2019-05-23,2,Excellent
1253,Frank,Young,Marketing,,2018-05-26,3,good
1254,Henry,Lee,Marketing,60000,2018-01-30,2,nan
1255,David,Wilson,IT,70000,2022-02-14,5,good
1256,Charlie,Lee,Finance,200000,2021-05-24,2,Excellent
1257,Ivy,Smith,Marketing,70000,2018-04-05,5,Good
1258,Charlie,Wilson,IT,120000,2022-04-22,2,average
1259,Ivy,Allen,Sales,50000,2017-10-02,5,good
1260,Bob,Young,Marketing,120000,2015-02-05,2,average
1261,Bob,Jones,IT,50000,2017-01-13,2,average
1262,Bob,Smith,IT,,2019-10-31,2,Excellent
1263,Frank,Young,HR,60000,2015-12-19,4,average
1264,Charlie,Allen,Sales,,2020-04-06,4,Good
1265,Ivy,Young,HR,40000,2015-03-14,1,Average
1266,David,Allen,Finance,70000,2022-05-19,5,Average
1267,Alice,Allen,HR,50000,2018-10-08,4,POOR
1268,David,Lee,HR,120000,2020-03-29,1,nan
1269,Alice,Hall,Marketing,60000,2017-12-29,4,good
1270,Eva,Smith,IT,50000,2021-10-08,5,nan
1271,David,Young,Sales,120000,2023-05-05,2,Good
1272,Henry,Taylor,HR,70000,2016-12-08,3,average
1273,Henry,Smith,Sales,,2019-12-10,5,Average
1274,Grace,Hall,HR,70000,2022-02-21,2,nan
1275,Charlie,Smith,Finance,80000,2022-11-15,4,Good
1276,Alice,Brown,HR,40000,2017-08-13,4,Average
1277,Alice,Taylor,Marketing,80000,2022-01-08,2,average
1278,Charlie,Hall,IT,60000,2021-10-11,2,nan
1279,Frank,Lee,Finance,50000,2015-06-09,2,Average
1280,Grace,Young,HR,60000,2021-01-05,2,good
1281,Frank,Clark,Sales,,2022-09-24,3,Excellent
1282,Frank,Hall,Finance,120000,2019-10-02,4,good
1283,Frank,Jones,Finance,70000,2019-05-05,4,POOR
1284,Charlie,Young,HR,80000,2015-03-08,3,POOR
1285,Frank,Hall,Finance,200000,2023-05-20,1,Average
1286,Henry,Brown,Sales,80000,2021-08-25,2,Excellent
1287,Bob,Clark,Finance,,2015-02-27,3,Good
1288,Eva,Brown,Sales,80000,2015-12-08,2,good
1289,Alice,Clark,HR,,2018-02-27,5,Good
1290,Alice,Jones,IT,200000,2022-08-06,4,Excellent
1291,Eva,Young,Finance,60000,2018-04-10,2,Good
1292,Charlie,Lee,IT,70000,2022-09-18,2,Excellent
1293,David,Brown,Sales,50000,2022-04-15,2,Average
1294,Charlie,Brown,Finance,120000,2018-05-17,5,Good
1295,Alice,Allen,Marketing,50000,2021-07-29,4,good
1296,Alice,Clark,IT,60000,2019-02-03,3,average
1297,Eva,Wilson,Finance,120000,2019-12-27,5,POOR
1298,Frank,Young,IT,80000,2015-04-26,4,average
1299,Charlie,Clark,Finance,200000,2016-10-23,2,Good
1300,Ivy,Allen,HR,200000,2019-01-05,1,average
1301,Eva,Smith,IT,40000,2021-11-05,1,good
1302,Henry,Clark,Marketing,60000,2020-02-12,2,good
1303,Alice,Lee,Marketing,60000,2021-05-23,4,Good
1304,Eva,Young,Sales,70000,2017-10-13,1,Average
1305,Charlie,Allen,Finance,50000,2015-11-07,3,average
1306,Alice,Smith,IT,60000,2015-07-27,4,Average
1307,David,Taylor,Sales,60000,2022-04-19,3,Average
1308,Eva,Allen,IT,80000,2021-10-29,3,Excellent
1309,Grace,Taylor,Finance,80000,2022-06-10,1,Excellent
1310,Alice,Young,Marketing,120000,2016-09-24,4,Good
1311,Charlie,Brown,HR,,2020-10-03,2,POOR
1312,Bob,Allen,Marketing,,2023-02-07,5,good
1313,Ivy,Jones,Sales,40000,2023-06-11,1,good
1314,Jack,Taylor,HR,,2016-10-18,1,Good
1315,Frank,Lee,Sales,70000,2018-11-24,2,Excellent
1316,Jack,Jones,Finance,40000,2020-04-15,4,nan
1317,Charlie,Hall,HR,120000,2023-04-16,4,nan
1318,Henry,Hall,Sales,80000,2022-01-06,3,nan
1319,Henry,Smith,Finance,,2019-08-07,2,Excellent
1320,Bob,Brown,Marketing,50000,2015-08-25,2,POOR
1321,Frank,Young,Finance,80000,2015-12-14,4,good
1322,Grace,Allen,IT,200000,2022-04-28,3,Good
1323,Bob,Wilson,Finance,70000,2023-09-11,1,Excellent
1324,Jack,Lee,Finance,80000,2016-09-21,2,good
1325,Bob,Taylor,IT,70000,2019-03-21,5,Average
1326,Jack,Young,Sales,70000,2020-06-26,1,average
1327,Alice,Jones,Sales,70000,2018-06-25,4,average
1328,Henry,Hall,Finance,120000,2015-12-30,5,Excellent
1329,Alice,Lee,IT,70000,2021-06-26,2,good
1330,Ivy,Wilson,IT,70000,2015-10-13,2,Excellent
1331,Frank,Allen,Marketing,200000,2015-05-29,3,POOR
1332,Grace,Smith,Sales,50000,2018-01-12,5,nan
1333,Jack,Wilson,HR,40000,2021-09-19,3,POOR
1334,Grace,Lee,Sales,60000,2023-04-14,1,POOR
1335,Jack,Wilson,Sales,200000,2016-03-31,2,Excellent
1336,Charlie,Lee,Marketing,40000,2019-11-02,2,Average
1337,Bob,Lee,HR,70000,2017-03-10,2,POOR
1338,Ivy,Clark,Marketing,50000,2018-03-30,5,average
1339,Henry,Taylor,HR,80000,2017-10-09,2,Average
1340,Jack,Hall,Finance,50000,2022-10-02,1,Good
1341,Grace,Clark,HR,200000,2021-11-12,3,POOR
1342,Ivy,Allen,Marketing,70000,2019-03-04,5,POOR
1343,David,Clark,Sales,50000,2022-08-17,3,Good
1344,David,Brown,HR,,2021-12-31,5,POOR
1345,Alice,Brown,HR,50000,2016-04-25,3,Good
1346,Henry,Hall,IT,70000,2019-08-14,2,Average
1347,Charlie,Wilson,Sales,120000,2020-12-01,3,average
1348,Grace,Taylor,Finance,,2022-08-28,2,Good
1349,Bob,Hall,Marketing,50000,2019-05-21,2,Excellent
1350,Bob,Lee,Finance,60000,2021-08-05,3,Excellent
1351,Grace,Jones,Sales,60000,2015-12-07,5,Excellent
1352,Frank,Taylor,HR,50000,2022-09-18,5,Good
1353,Charlie,Taylor,HR,120000,2020-07-03,5,Excellent
1354,Ivy,Lee,Sales,80000,2022-09-09,4,POOR
1355,Jack,Lee,HR,70000,2023-04-05,1,nan
1356,Frank,Smith,HR,60000,2021-11-01,5,nan
1357,Jack,Hall,HR,80000,2020-02-10,2,Excellent
1358,Jack,Lee,Marketing,50000,2017-04-14,5,Average
1359,Frank,Brown,Marketing,200000,2018-04-18,4,good
1360,Alice,Allen,IT,80000,2019-09-22,2,Average
1361,David,Jones,Finance,,2019-08-17,2,good
1362,Jack,Hall,Sales,40000,2023-12-12,4,nan
1363,Frank,Young,Sales,60000,2015-11-07,2,nan
1364,Frank,Brown,Sales,50000,2015-09-19,2,Good
1365,Eva,Wilson,IT,200000,2018-12-13,3,average
1366,Alice,Lee,Marketing,70000,2016-02-10,1,Excellent
1367,Henry,Young,IT,200000,2020-12-30,1,Average
1368,Eva,Lee,Sales,120000,2015-12-08,4,POOR
1369,Eva,Taylor,Finance,,2018-09-01,2,good
1370,Grace,Brown,HR,50000,2023-09-08,1,Excellent
1371,David,Taylor,Marketing,70000,2015-09-01,2,POOR
1372,Frank,Smith,Marketing,120000,2016-05-04,2,average
1373,David,Taylor,IT,120000,2015-01-12,4,good
1374,Charlie,Smith,Marketing,50000,2016-07-14,4,Average
1375,Grace,Smith,Sales,,2015-02-11,4,Good
1376,Henry,Young,Sales,80000,2022-06-18,1,POOR
1377,David,Lee,IT,80000,2016-08-16,4,average
1378,Bob,Wilson,Sales,120000,2018-12-23,1,Average
1379,Jack,Taylor,Finance,80000,2020-01-01,4,nan
1380,Charlie,Brown,IT,40000,2023-11-04,5,nan
1381,Alice,Smith,Finance,120000,2019-08-21,2,Average
1382,Henry,Lee,HR,120000,2015-05-14,4,Average
1383,Charlie,Jones,Finance,70000,2023-08-05,2,Average
1384,Jack,Hall,HR,80000,2023-06-06,2,good
1385,Grace,Young,HR,,2017-08-05,2,Average
1386,Jack,Wilson,Finance,120000,2015-03-14,4,POOR
1387,Eva,Clark,IT,200000,2016-02-03,3,average
1388,Jack,Young,Sales,,2018-11-29,4,good
1389,Eva,Jones,Sales,40000,2022-03-10,2,Average
1390,Grace,Hall,HR,70000,2022-12-16,2,Excellent
1391,Ivy,Jones,HR,50000,2015-05-10,2,Excellent
1392,Eva,Taylor,IT,,2023-02-26,2,Excellent
1393,Alice,Smith,Marketing,120000,2023-12-22,1,average
1394,Jack,Wilson,Finance,40000,2019-12-17,5,nan
1395,Jack,Allen,HR,60000,2020-06-24,2,Good
1396,Alice,Smith,Sales,40000,2015-09-23,4,Good
1397,Bob,Allen,IT,40000,2019-04-10,1,Excellent
1398,Frank,Hall,Finance,70000,2020-06-08,5,nan
1399,Ivy,Lee,IT,50000,2017-03-03,4,good
1400,Henry,Clark,Finance,60000,2021-04-19,3,good
1401,Eva,Brown,Finance,80000,2022-11-09,4,good
1402,Alice,Smith,HR,80000,2018-08-05,2,Good
1403,Grace,Wilson,IT,,2015-06-13,2,Excellent
1404,Eva,Jones,IT,40000,2015-04-05,3,Good
1405,Frank,Wilson,Sales,200000,2019-12-11,1,POOR
1406,Grace,Hall,Sales,70000,2022-11-20,5,Average
1407,Charlie,Allen,HR,200000,2018-02-07,4,good
1408,Jack,Jones,HR,70000,2021-07-11,2,Excellent
1409,Charlie,Brown,Marketing,80000,2017-04-01,1,average
1410,Eva,Brown,Sales,,2015-08-26,3,Excellent
1411,Frank,Smith,Finance,,2021-08-25,2,average
1412,Ivy,Hall,IT,,2023-01-25,2,Average
1413,Eva,Lee,HR,60000,2021-12-05,3,Excellent
1414,Alice,Hall,IT,50000,2020-05-14,4,Good
1415,David,Allen,IT,60000,2023-01-28,5,Good
1416,Eva,Wilson,Marketing,120000,2017-11-14,2,POOR
1417,Jack,Brown,Sales,120000,2019-08-04,2,POOR
1418,Jack,Wilson,HR,200000,2023-09-24,4,Good
1419,Eva,Wilson,IT,50000,2021-12-04,2,average
1420,Grace,Wilson,HR,80000,2023-02-12,1,Excellent
1421,David,Brown,Finance,50000,2023-04-30,5,good
1422,Alice,Young,Marketing,70000,2017-08-21,2,average
1423,Eva,Taylor,Finance,120000,2016-06-20,5,Excellent
1424,Grace,Allen,HR,40000,2023-08-17,2,POOR
1425,Jack,Young,HR,40000,2019-05-23,5,Average
1426,Jack,Allen,Sales,80000,2023-11-19,3,Excellent
1427,Frank,Jones,IT,70000,2020-06-02,2,Good
1428,Eva,Hall,IT,200000,2023-06-11,5,POOR
1429,David,Hall,Finance,60000,2015-05-08,1,POOR
1430,Bob,Clark,Marketing,70000,2015-04-02,3,good
1431,David,Hall,IT,40000,2016-06-26,3,Good
1432,Jack,Brown,Sales,40000,2017-04-25,1,good
1433,Jack,Lee,Finance,200000,2019-08-09,5,Good
1434,Charlie,Smith,Finance,120000,2023-04-25,4,good
1435,Jack,Clark,Sales,70000,2020-01-26,1,Excellent
1436,Alice,Smith,Marketing,70000,2021-10-30,5,average
1437,Henry,Allen,Sales,40000,2016-01-25,1,Average
1438,Eva,Smith,Marketing,60000,2022-06-12,1,Average
1439,David,Smith,Sales,80000,2020-02-28,2,Good
1440,Henry,Clark,Sales,,2015-02-12,5,Excellent
1441,Grace,Jones,HR,80000,2015-09-11,4,nan
1442,Bob,Wilson,Finance,70000,2023-10-07,2,POOR
1443,Alice,Hall,Sales,80000,2017-12-19,1,POOR
1444,David,Hall,Sales,40000,2022-06-03,2,Good
1445,Henry,Brown,IT,40000,2021-11-19,1,Excellent
1446,Bob,Clark,Finance,200000,2021-05-23,1,good
1447,Charlie,Brown,IT,70000,2023-05-17,5,Excellent
1448,Alice,Lee,Finance,200000,2019-03-21,5,average
1449,Alice,Lee,IT,70000,2020-05-07,2,good
1450,Charlie,Brown,Sales,,2022-09-26,4,good
1451,Eva,Clark,Sales,,2021-07-20,2,Good
1452,Charlie,Brown,HR,120000,2016-10-03,3,Good
1453,Alice,Hall,IT,70000,2021-08-26,1,Excellent
1454,Alice,Young,Marketing,60000,2016-11-20,2,POOR
1455,Henry,Taylor,HR,80000,2018-06-30,1,Good
1456,Jack,Smith,IT,70000,2020-05-04,1,Good
1457,Bob,Taylor,IT,50000,2017-12-15,2,Good
1458,Charlie,Clark,HR,120000,2019-01-26,2,Excellent
1459,Bob,Taylor,Sales,50000,2016-04-01,2,POOR
1460,Charlie,Lee,IT,40000,2017-09-09,2,average
1461,Grace,Allen,Sales,,2020-10-31,2,average
1462,Alice,Smith,HR,80000,2018-01-27,1,nan
1463,Jack,Wilson,Sales,70000,2015-05-29,2,nan
1464,Henry,Clark,Finance,50000,2018-09-14,5,Good
1465,Jack,Smith,Marketing,80000,2018-03-25,5,nan
1466,Jack,Taylor,IT,40000,2015-07-09,2,POOR
1467,Jack,Lee,Marketing,,2017-06-01,2,Excellent
1468,Bob,Jones,Sales,60000,2021-04-29,1,average
1469,Charlie,Young,IT,120000,2023-08-18,2,good
1470,Ivy,Wilson,Sales,80000,2016-02-04,2,average
1471,Grace,Young,Finance,80000,2022-09-12,2,average
1472,David,Smith,HR,60000,2016-08-31,3,POOR
1473,Jack,Lee,IT,80000,2019-12-01,5,nan
1474,Eva,Lee,Finance,40000,2019-06-27,2,good
1475,Bob,Taylor,Finance,40000,2019-04-25,4,POOR
1476,Henry,Hall,IT,60000,2022-10-03,2,Good
1477,David,Taylor,Sales,120000,2020-11-18,4,Excellent
1478,Ivy,Hall,Finance,70000,2018-10-14,3,Average
1479,Eva,Hall,Marketing,50000,2018-11-04,2,average
1480,Ivy,Wilson,Finance,70000,2017-03-30,3,Average
1481,David,Taylor,Sales,80000,2017-03-30,3,Excellent
1482,Jack,Jones,Sales,50000,2016-02-24,1,Excellent
1483,Eva,Brown,Marketing,200000,2015-05-04,5,POOR
1484,Ivy,Brown,Finance,60000,2016-02-26,4,POOR
1485,Henry,Taylor,Sales,60000,2023-08-01,2,POOR
1486,Charlie,Taylor,IT,120000,2019-02-17,4,Average
1487,Alice,Young,HR,50000,2019-05-17,2,POOR
1488,Charlie,Wilson,HR,40000,2017-02-06,4,Excellent
1489,David,Taylor,HR,50000,2020-08-06,2,Good
1490,Bob,Young,Finance,80000,2021-12-05,5,POOR
1491,Alice,Hall,Marketing,40000,2022-01-10,2,Excellent
1492,Grace,Lee,Sales,,2021-01-11,4,nan
1493,Henry,Lee,IT,,2020-11-09,4,Average
1494,Grace,Hall,IT,200000,2023-04-18,2,Excellent
1495,Eva,Clark,Finance,,2019-03-30,3,POOR
1496,Alice,Young,HR,60000,2021-11-07,5,Excellent
1497,Grace,Young,Finance,50000,2019-10-31,1,Good
1498,Grace,Hall,Marketing,,2020-08-06,2,average
1499,Ivy,Jones,Marketing,70000,2022-03-30,4,good
1500,Charlie,Allen,Sales,120000,2016-05-24,2,nan
1362,Jack,Hall,Sales,40000,2023-12-12,4,nan
1074,Eva,Hall,Sales,120000,2019-06-13,4,Average
1375,Grace,Smith,Sales,,2015-02-11,4,Good
1156,Eva,Wilson,IT,200000,2019-08-09,3,Good
1105,Henry,Clark,HR,,2018-03-23,4,POOR
1395,Jack,Allen,HR,60000,2020-06-24,2,Good
1378,Bob,Wilson,Sales,120000,2018-12-23,1,Average
1125,Alice,Smith,HR,200000,2017-10-11,4,good
1069,Grace,Clark,Marketing,120000,2018-10-20,1,Excellent
1451,Eva,Clark,Sales,,2021-07-20,2,Good